{"trial_id": "f697936df534246323e24cbf6cc5cd80", "hyperparameters": {"space": [{"class_name": "Int", "config": {"name": "units", "default": null, "conditions": [], "min_value": 20, "max_value": 66, "step": 6, "sampling": null}}, {"class_name": "Choice", "config": {"name": "learning_rate", "default": 0.1, "conditions": [], "values": [0.1, 0.09285714285714293, 0.08571428571428587, 0.07857142857142879, 0.07142857142857172, 0.06428571428571464, 0.05714285714285758, 0.0500000000000005, 0.04285714285714343, 0.035714285714286365, 0.02857142857142929, 0.021428571428572213, 0.014285714285715151, 0.007142857142858075, 1e-15], "ordered": true}}], "values": {"units": 38, "learning_rate": 0.05714285714285758, "tuner/epochs": 2, "tuner/initial_epoch": 0, "tuner/bracket": 2, "tuner/round": 0}}, "metrics": {"metrics": {"loss": {"direction": "min", "observations": [{"value": [0.24127197265625], "step": 0}]}, "accuracy": {"direction": "max", "observations": [{"value": [0.9418191313743591], "step": 0}]}, "val_loss": {"direction": "min", "observations": [{"value": [0.00015638084732927382], "step": 0}]}, "val_accuracy": {"direction": "max", "observations": [{"value": [1.0], "step": 0}]}}}, "score": 1.0, "best_step": 0, "status": "COMPLETED"}